{
  "1hGdgLLYpvVmDGwXzoC2blIiGCj1": {
    "video_dislikes": {
      "spider": 1
    },
    "video_likes": {
      "spider": 1
    }
  },
  "6bl3U6Di1vWaMRkcd0sGLp2x4IM2": {
    "video_dislikes": {
      "jhkjkj": 1,
      "spider": 1
    },
    "video_likes": {
      "Only Lovers Left Alive (2013) Sony Classics": 1,
      "Spider-Man: Into the Spider-Verse": 1,
      "jhkjkj": 1,
      "spider": 1
    }
  },
  "Watch_videos": {
    "1hGdgLLYpvVmDGwXzoC2blIiGCj1": {
      "Only Lovers Left Alive (2013) Sony Classics": {
        "desc": "best",
        "thumbnail": "https://thefoodfone.com/api/images/download4.png",
        "title": "Only Lovers Left Alive (2013) Sony Classics",
        "url": "https://thefoodfone.com/api/images/Mumma's Birthday Vlog _ Travel Vlog _ Chef Jaspreet Singh _ 13 Kitchen.mp4"
      },
      "Spider-Man: Into the Spider-Verse": {
        "desc": "Miles Morales is juggling his life  being a high school student and being\nsported to this dimension.",
        "thumbnail": "https://thefoodfone.com/api/images/download.png",
        "title": "Spider-Man: Into the Spider-Verse",
        "url": "https://thefoodfone.com/api/images/Chicken soup recipe _ Healthy winter soup recipe _ Immunity booster soup _ Chef Jaspreet singh.mp4"
      },
      "jhkjkj": {
        "desc": "good",
        "thumbnail": "https://thefoodfone.com/api/images/download3.png",
        "title": "jhkjkj",
        "url": "https://thefoodfone.com/api/images/A dream That Came True _ A Day As Judge At a Culinary Competition _ Chef Jaspreet Singh _ 13 Kitchen.mp4"
      },
      "spider": {
        "desc": "birthday",
        "thumbnail": "https://thefoodfone.com/api/images/download3.png",
        "title": "spider",
        "url": "https://thefoodfone.com/api/images/A dream That Came True _ A Day As Judge At a Culinary Competition _ Chef Jaspreet Singh _ 13 Kitchen.mp4"
      }
    },
    "VUJNj48uk4cveCTHiRnA8dFZmG02": {
      "Only Lovers Left Alive (2013) Sony Classics": {
        "desc": "best",
        "thumbnail": "https://thefoodfone.com/api/images/download4.png",
        "title": "Only Lovers Left Alive (2013) Sony Classics",
        "url": "https://thefoodfone.com/api/images/Mumma's Birthday Vlog _ Travel Vlog _ Chef Jaspreet Singh _ 13 Kitchen.mp4"
      },
      "Spider-Man: Into the Spider-Verse": {
        "desc": "Miles Morales is juggling his life  being a high school student and being\nsported to this dimension.",
        "thumbnail": "https://thefoodfone.com/api/images/download.png",
        "title": "Spider-Man: Into the Spider-Verse",
        "url": "https://thefoodfone.com/api/images/Chicken soup recipe _ Healthy winter soup recipe _ Immunity booster soup _ Chef Jaspreet singh.mp4"
      },
      "spider": {
        "desc": "birthday",
        "thumbnail": "https://thefoodfone.com/api/images/download3.png",
        "title": "spider",
        "url": "https://thefoodfone.com/api/images/A dream That Came True _ A Day As Judge At a Culinary Competition _ Chef Jaspreet Singh _ 13 Kitchen.mp4"
      }
    }
  },
  "comments": {
    "this is video of beautiful girl": {
      "-NZa84j0E3Rf8bJF5_OF": {
        "message": "nice",
        "profileImageUri": "https://firebasestorage.googleapis.com/v0/b/thefooddfonee.appspot.com/o/profile_images%2F6bl3U6Di1vWaMRkcd0sGLp2x4IM2.jpg?alt=media&token=194f12a0-aaf6-4aea-8596-7e6b4c0f33d8",
        "username": "savage"
      },
      "-NZdg6XpTbMgUICzLCqB": {
        "message": "awesome",
        "profileImageUri": "https://firebasestorage.googleapis.com/v0/b/thefooddfonee.appspot.com/o/profile_images%2F6bl3U6Di1vWaMRkcd0sGLp2x4IM2.jpg?alt=media&token=194f12a0-aaf6-4aea-8596-7e6b4c0f33d8",
        "username": "savage"
      },
      "-NZzAn6DyrwCUi2Ham-7": {
        "message": "hello",
        "profileImageUri": "https://firebasestorage.googleapis.com/v0/b/thefooddfonee.appspot.com/o/profile_images%2F1hGdgLLYpvVmDGwXzoC2blIiGCj1.jpg?alt=media&token=73932115-3159-4f07-9f7b-ad2c96484170",
        "username": "jatin"
      }
    },
    "this is video of litle girl": {
      "-NZzBTS-oagev8qbCt9x": {
        "message": "nice",
        "profileImageUri": "https://firebasestorage.googleapis.com/v0/b/thefooddfonee.appspot.com/o/profile_images%2F1hGdgLLYpvVmDGwXzoC2blIiGCj1.jpg?alt=media&token=73932115-3159-4f07-9f7b-ad2c96484170",
        "username": "jatin"
      },
      "-N_2lITLSaNOfqfg7m-1": {
        "message": "wow",
        "profileImageUri": "https://firebasestorage.googleapis.com/v0/b/thefooddfonee.appspot.com/o/profile_images%2F6bl3U6Di1vWaMRkcd0sGLp2x4IM2.jpg?alt=media&token=5ce2a3a1-d71e-4cff-822d-f132d526e65d",
        "username": "savage"
      }
    }
  },
  "comments_video": {
    "spider": {
      "-N_8RJa6_VdSw_dmll0O": {
        "message": "nice",
        "profileImageUri": "https://firebasestorage.googleapis.com/v0/b/thefooddfonee.appspot.com/o/profile_images%2F1hGdgLLYpvVmDGwXzoC2blIiGCj1.jpg?alt=media&token=32717574-8a87-4fa0-baba-7f8ac422fc4a",
        "username": "jatin"
      },
      "-N_8RXl9L7ybwkYyPvPK": {
        "message": "wow",
        "profileImageUri": "https://firebasestorage.googleapis.com/v0/b/thefooddfonee.appspot.com/o/profile_images%2F6bl3U6Di1vWaMRkcd0sGLp2x4IM2.jpg?alt=media&token=9624dcda-d554-4665-a5bd-a1f2cfc5fa18",
        "username": "savage"
      }
    }
  },
  "continue_watching": {
    "VUJNj48uk4cveCTHiRnA8dFZmG02": {
      "-NdTiwj55FtM2zrL-FFo": {
        "overview": "birthday",
        "poster": "https://thefoodfone.com/api/images/download3.png",
        "title": "spider"
      }
    }
  },
  "dislikeCount": {
    "Only Lovers Left Alive (2013) Sony Classics": 1,
    "Spider-Man: Into the Spider-Verse": 1,
    "jhkjkj": 1,
    "spider": 5
  },
  "likeCount": {
    "Only Lovers Left Alive (2013) Sony Classics": 3,
    "Spider-Man: Into the Spider-Verse": 2,
    "jhkjkj": 2,
    "spider": 4
  },
  "like_shorts_Count": {
    "this is video of beautiful girl": 1
  },
  "likes": {
    "this is video of beautiful girl": 1,
    "this is video of litle girl": 0
  },
  "userLikes": {
    "Only Lovers Left Alive (2013) Sony Classics": {
      "1hGdgLLYpvVmDGwXzoC2blIiGCj1": true,
      "6bl3U6Di1vWaMRkcd0sGLp2x4IM2": true,
      "VUJNj48uk4cveCTHiRnA8dFZmG02": true
    },
    "Spider-Man: Into the Spider-Verse": {
      "6bl3U6Di1vWaMRkcd0sGLp2x4IM2": true,
      "VUJNj48uk4cveCTHiRnA8dFZmG02": true
    },
    "jhkjkj": {
      "1hGdgLLYpvVmDGwXzoC2blIiGCj1": true,
      "6bl3U6Di1vWaMRkcd0sGLp2x4IM2": true
    },
    "spider": {
      "1hGdgLLYpvVmDGwXzoC2blIiGCj1": true,
      "6bl3U6Di1vWaMRkcd0sGLp2x4IM2": true,
      "VUJNj48uk4cveCTHiRnA8dFZmG02": true
    }
  },
  "user_shorts_Likes": {
    "this is video of beautiful girl": {
      "VUJNj48uk4cveCTHiRnA8dFZmG02": true
    }
  },
  "userdata": {
    "1hGdgLLYpvVmDGwXzoC2blIiGCj1": {
      "email": "jatinjatin@gmail.com",
      "name": "jatin",
      "pass1": "jatin@321"
    },
    "6bl3U6Di1vWaMRkcd0sGLp2x4IM2": {
      "email": "savageboy2004121@gmail.com",
      "name": "savage"
    },
    "VUJNj48uk4cveCTHiRnA8dFZmG02": {
      "email": "krsna@gmail.com",
      "name": "krsna",
      "pass1": "krsna321"
    }
  },
  "userdisLikes": {
    "Only Lovers Left Alive (2013) Sony Classics": {
      "1hGdgLLYpvVmDGwXzoC2blIiGCj1": true
    },
    "Spider-Man: Into the Spider-Verse": {
      "6bl3U6Di1vWaMRkcd0sGLp2x4IM2": true
    },
    "jhkjkj": {
      "1hGdgLLYpvVmDGwXzoC2blIiGCj1": true
    },
    "spider": {
      "1hGdgLLYpvVmDGwXzoC2blIiGCj1": true,
      "6bl3U6Di1vWaMRkcd0sGLp2x4IM2": true
    }
  },
  "users": {
    "1hGdgLLYpvVmDGwXzoC2blIiGCj1": {
      "profileImageUri": "https://firebasestorage.googleapis.com/v0/b/thefooddfonee.appspot.com/o/profile_images%2F1hGdgLLYpvVmDGwXzoC2blIiGCj1.jpg?alt=media&token=32717574-8a87-4fa0-baba-7f8ac422fc4a"
    },
    "6bl3U6Di1vWaMRkcd0sGLp2x4IM2": {
      "profileImageUri": "https://firebasestorage.googleapis.com/v0/b/thefooddfonee.appspot.com/o/profile_images%2F6bl3U6Di1vWaMRkcd0sGLp2x4IM2.jpg?alt=media&token=1bfc4871-d5b8-41bc-b5e7-2c7ce1e39ffe"
    }
  },
  "video_dislikes": {
    "spider": 1
  },
  "video_views": {
    "Only Lovers Left Alive (2013) Sony Classics": 4,
    "Spider-Man: Into the Spider-Verse": 8,
    "jhkjkj": 4,
    "spider": 4
  },
  "videos": {
    "1hGdgLLYpvVmDGwXzoC2blIiGCj1": {
      "this is video of beautiful girl": {
        "desc": "this is video of beautiful girl",
        "thumbnail": "https://thefoodfone.com/api/images/download.png",
        "title": "hello",
        "url": "https://thefoodfone.com/shortsapi/mixkit-winter-fashion-cold-looking-woman-concept-video-39874-large.mp4"
      },
      "this is video of litle girl": {
        "desc": "this is video of litle girl",
        "thumbnail": "https://thefoodfone.com/api/images/download1.png",
        "title": "hello1",
        "url": "https://thefoodfone.com/shortsapi/mixkit-little-girl-next-to-baskets-of-easter-eggs-48596-large.mp4"
      }
    },
    "6bl3U6Di1vWaMRkcd0sGLp2x4IM2": {
      "this is video of beautiful girl": {
        "desc": "this is video of beautiful girl",
        "thumbnail": "https://thefoodfone.com/api/images/download.png",
        "title": "hello",
        "url": "https://thefoodfone.com/shortsapi/mixkit-winter-fashion-cold-looking-woman-concept-video-39874-large.mp4"
      },
      "this is video of litle girl": {
        "desc": "this is video of litle girl",
        "thumbnail": "https://thefoodfone.com/api/images/download1.png",
        "title": "hello1",
        "url": "https://thefoodfone.com/shortsapi/mixkit-little-girl-next-to-baskets-of-easter-eggs-48596-large.mp4"
      }
    },
    "VUJNj48uk4cveCTHiRnA8dFZmG02": {
      "this is video of beautiful girl": {
        "desc": "this is video of beautiful girl",
        "thumbnail": "https://thefoodfone.com/api/images/download.png",
        "title": "hello",
        "url": "https://thefoodfone.com/shortsapi/mixkit-winter-fashion-cold-looking-woman-concept-video-39874-large.mp4"
      },
      "this is video of litle girl": {
        "desc": "this is video of litle girl",
        "thumbnail": "https://thefoodfone.com/api/images/download1.png",
        "title": "hello1",
        "url": "https://thefoodfone.com/shortsapi/mixkit-little-girl-next-to-baskets-of-easter-eggs-48596-large.mp4"
      }
    }
  }
}